settlement,coord_lat,coord_lon,coords_range,n_sch,n_per_sch,mu_0,mu_1
kibera,36.7879475,-1.3114845,0.005,20,40,0.25,0.25    
mukuru,36.884217,-1.3213091,0.005,20,40,0,0.75 
huruma,36.8721139,-1.2564898,0.005,20,40,0.05,0
korogocho,36.8909401,-1.2503642,0.005,20,40,0,0.25
dandora,36.9025814, -1.2482996,0.005,20,40,1,0